Length,Frequency,Path,Part&Success,Part&Unsuccess,NonPart&Success,NonPart&Unsuccess,p_value
7,13,"(('exit', ('W_Call incomplete files|schedule', 'W_Call incomplete files|start')), ('enter', ('W_Call incomplete files|start', 'A_Incomplete')), ('enter', ('A_Incomplete', 'W_Call incomplete files|suspend')), ('enter', ('W_Call incomplete files|suspend', 'W_Call incomplete files|resume')), ('enter', ('W_Call incomplete files|resume', 'W_Call incomplete files|suspend')), ('exit', ('W_Call incomplete files|suspend', 'W_Call incomplete files|resume')), ('exit', ('W_Call incomplete files|resume', 'W_Call incomplete files|suspend')))",1167,180,4131,1055,5.557732052352549e-09
7,13,"(('exit', ('W_Call incomplete files|schedule', 'W_Call incomplete files|start')), ('enter', ('W_Call incomplete files|start', 'A_Incomplete')), ('enter', ('A_Incomplete', 'W_Call incomplete files|suspend')), ('enter', ('W_Call incomplete files|suspend', 'W_Call incomplete files|resume')), ('exit', ('W_Call incomplete files|resume', 'W_Call incomplete files|suspend')), ('exit', ('W_Call incomplete files|suspend', 'W_Call incomplete files|resume')), ('enter', ('W_Call incomplete files|resume', 'W_Call incomplete files|suspend')))",1167,180,4131,1055,5.557732052352549e-09
7,13,"(('exit', ('W_Call incomplete files|schedule', 'W_Call incomplete files|start')), ('enter', ('W_Call incomplete files|start', 'A_Incomplete')), ('enter', ('A_Incomplete', 'W_Call incomplete files|suspend')), ('exit', ('W_Call incomplete files|suspend', 'W_Call incomplete files|resume')), ('enter', ('W_Call incomplete files|resume', 'W_Call incomplete files|suspend')), ('enter', ('W_Call incomplete files|suspend', 'W_Call incomplete files|resume')), ('exit', ('W_Call incomplete files|resume', 'W_Call incomplete files|suspend')))",1167,180,4131,1055,5.557732052352549e-09
7,13,"(('exit', ('W_Call incomplete files|schedule', 'W_Call incomplete files|start')), ('enter', ('W_Call incomplete files|start', 'A_Incomplete')), ('enter', ('A_Incomplete', 'W_Call incomplete files|suspend')), ('exit', ('W_Call incomplete files|suspend', 'W_Call incomplete files|resume')), ('exit', ('W_Call incomplete files|resume', 'W_Call incomplete files|suspend')), ('enter', ('W_Call incomplete files|suspend', 'W_Call incomplete files|resume')), ('enter', ('W_Call incomplete files|resume', 'W_Call incomplete files|suspend')))",1167,180,4131,1055,5.557732052352549e-09
7,13,"(('exit', ('W_Call incomplete files|schedule', 'W_Call incomplete files|start')), ('enter', ('W_Call incomplete files|start', 'A_Incomplete')), ('exit', ('A_Incomplete', 'W_Call incomplete files|suspend')), ('enter', ('W_Call incomplete files|suspend', 'W_Call incomplete files|resume')), ('enter', ('W_Call incomplete files|resume', 'W_Call incomplete files|suspend')), ('exit', ('W_Call incomplete files|suspend', 'W_Call incomplete files|resume')), ('exit', ('W_Call incomplete files|resume', 'W_Call incomplete files|suspend')))",1167,180,4131,1055,5.557732052352549e-09
7,13,"(('exit', ('W_Call incomplete files|schedule', 'W_Call incomplete files|start')), ('enter', ('W_Call incomplete files|start', 'A_Incomplete')), ('exit', ('A_Incomplete', 'W_Call incomplete files|suspend')), ('enter', ('W_Call incomplete files|suspend', 'W_Call incomplete files|resume')), ('exit', ('W_Call incomplete files|resume', 'W_Call incomplete files|suspend')), ('exit', ('W_Call incomplete files|suspend', 'W_Call incomplete files|resume')), ('enter', ('W_Call incomplete files|resume', 'W_Call incomplete files|suspend')))",1167,180,4131,1055,5.557732052352549e-09
7,13,"(('exit', ('W_Call incomplete files|schedule', 'W_Call incomplete files|start')), ('enter', ('W_Call incomplete files|start', 'A_Incomplete')), ('exit', ('A_Incomplete', 'W_Call incomplete files|suspend')), ('exit', ('W_Call incomplete files|suspend', 'W_Call incomplete files|resume')), ('enter', ('W_Call incomplete files|resume', 'W_Call incomplete files|suspend')), ('enter', ('W_Call incomplete files|suspend', 'W_Call incomplete files|resume')), ('exit', ('W_Call incomplete files|resume', 'W_Call incomplete files|suspend')))",1167,180,4131,1055,5.557732052352549e-09
7,13,"(('exit', ('W_Call incomplete files|schedule', 'W_Call incomplete files|start')), ('enter', ('W_Call incomplete files|start', 'A_Incomplete')), ('exit', ('A_Incomplete', 'W_Call incomplete files|suspend')), ('exit', ('W_Call incomplete files|suspend', 'W_Call incomplete files|resume')), ('exit', ('W_Call incomplete files|resume', 'W_Call incomplete files|suspend')), ('enter', ('W_Call incomplete files|suspend', 'W_Call incomplete files|resume')), ('enter', ('W_Call incomplete files|resume', 'W_Call incomplete files|suspend')))",1167,180,4131,1055,5.557732052352549e-09
7,13,"(('exit', ('W_Call incomplete files|schedule', 'W_Call incomplete files|start')), ('exit', ('W_Call incomplete files|start', 'A_Incomplete')), ('enter', ('A_Incomplete', 'W_Call incomplete files|suspend')), ('enter', ('W_Call incomplete files|suspend', 'W_Call incomplete files|resume')), ('enter', ('W_Call incomplete files|resume', 'W_Call incomplete files|suspend')), ('exit', ('W_Call incomplete files|suspend', 'W_Call incomplete files|resume')), ('exit', ('W_Call incomplete files|resume', 'W_Call incomplete files|suspend')))",1167,180,4131,1055,5.557732052352549e-09
7,13,"(('exit', ('W_Call incomplete files|schedule', 'W_Call incomplete files|start')), ('exit', ('W_Call incomplete files|start', 'A_Incomplete')), ('enter', ('A_Incomplete', 'W_Call incomplete files|suspend')), ('enter', ('W_Call incomplete files|suspend', 'W_Call incomplete files|resume')), ('exit', ('W_Call incomplete files|resume', 'W_Call incomplete files|suspend')), ('exit', ('W_Call incomplete files|suspend', 'W_Call incomplete files|resume')), ('enter', ('W_Call incomplete files|resume', 'W_Call incomplete files|suspend')))",1167,180,4131,1055,5.557732052352549e-09
7,13,"(('exit', ('W_Call incomplete files|schedule', 'W_Call incomplete files|start')), ('exit', ('W_Call incomplete files|start', 'A_Incomplete')), ('enter', ('A_Incomplete', 'W_Call incomplete files|suspend')), ('exit', ('W_Call incomplete files|suspend', 'W_Call incomplete files|resume')), ('enter', ('W_Call incomplete files|resume', 'W_Call incomplete files|suspend')), ('enter', ('W_Call incomplete files|suspend', 'W_Call incomplete files|resume')), ('exit', ('W_Call incomplete files|resume', 'W_Call incomplete files|suspend')))",1167,180,4131,1055,5.557732052352549e-09
7,13,"(('exit', ('W_Call incomplete files|schedule', 'W_Call incomplete files|start')), ('exit', ('W_Call incomplete files|start', 'A_Incomplete')), ('enter', ('A_Incomplete', 'W_Call incomplete files|suspend')), ('exit', ('W_Call incomplete files|suspend', 'W_Call incomplete files|resume')), ('exit', ('W_Call incomplete files|resume', 'W_Call incomplete files|suspend')), ('enter', ('W_Call incomplete files|suspend', 'W_Call incomplete files|resume')), ('enter', ('W_Call incomplete files|resume', 'W_Call incomplete files|suspend')))",1167,180,4131,1055,5.557732052352549e-09
7,13,"(('exit', ('W_Call incomplete files|schedule', 'W_Call incomplete files|start')), ('exit', ('W_Call incomplete files|start', 'A_Incomplete')), ('exit', ('A_Incomplete', 'W_Call incomplete files|suspend')), ('enter', ('W_Call incomplete files|suspend', 'W_Call incomplete files|resume')), ('enter', ('W_Call incomplete files|resume', 'W_Call incomplete files|suspend')), ('exit', ('W_Call incomplete files|suspend', 'W_Call incomplete files|resume')), ('exit', ('W_Call incomplete files|resume', 'W_Call incomplete files|suspend')))",1167,180,4131,1055,5.557732052352549e-09
7,13,"(('exit', ('W_Call incomplete files|schedule', 'W_Call incomplete files|start')), ('exit', ('W_Call incomplete files|start', 'A_Incomplete')), ('exit', ('A_Incomplete', 'W_Call incomplete files|suspend')), ('enter', ('W_Call incomplete files|suspend', 'W_Call incomplete files|resume')), ('exit', ('W_Call incomplete files|resume', 'W_Call incomplete files|suspend')), ('exit', ('W_Call incomplete files|suspend', 'W_Call incomplete files|resume')), ('enter', ('W_Call incomplete files|resume', 'W_Call incomplete files|suspend')))",1167,180,4131,1055,5.557732052352549e-09
7,13,"(('exit', ('W_Call incomplete files|schedule', 'W_Call incomplete files|start')), ('exit', ('W_Call incomplete files|start', 'A_Incomplete')), ('exit', ('A_Incomplete', 'W_Call incomplete files|suspend')), ('exit', ('W_Call incomplete files|suspend', 'W_Call incomplete files|resume')), ('enter', ('W_Call incomplete files|resume', 'W_Call incomplete files|suspend')), ('enter', ('W_Call incomplete files|suspend', 'W_Call incomplete files|resume')), ('exit', ('W_Call incomplete files|resume', 'W_Call incomplete files|suspend')))",1167,180,4131,1055,5.557732052352549e-09
7,13,"(('exit', ('W_Call incomplete files|schedule', 'W_Call incomplete files|start')), ('exit', ('W_Call incomplete files|start', 'A_Incomplete')), ('exit', ('A_Incomplete', 'W_Call incomplete files|suspend')), ('exit', ('W_Call incomplete files|suspend', 'W_Call incomplete files|resume')), ('exit', ('W_Call incomplete files|resume', 'W_Call incomplete files|suspend')), ('enter', ('W_Call incomplete files|suspend', 'W_Call incomplete files|resume')), ('enter', ('W_Call incomplete files|resume', 'W_Call incomplete files|suspend')))",1167,180,4131,1055,5.557732052352549e-09
6,13,"(('exit', ('W_Call incomplete files|start', 'A_Incomplete')), ('enter', ('A_Incomplete', 'W_Call incomplete files|suspend')), ('enter', ('W_Call incomplete files|suspend', 'W_Call incomplete files|resume')), ('enter', ('W_Call incomplete files|resume', 'W_Call incomplete files|suspend')), ('exit', ('W_Call incomplete files|suspend', 'W_Call incomplete files|resume')), ('exit', ('W_Call incomplete files|resume', 'W_Call incomplete files|suspend')))",1167,180,4131,1055,5.557732052352549e-09
6,13,"(('exit', ('W_Call incomplete files|start', 'A_Incomplete')), ('enter', ('A_Incomplete', 'W_Call incomplete files|suspend')), ('enter', ('W_Call incomplete files|suspend', 'W_Call incomplete files|resume')), ('exit', ('W_Call incomplete files|resume', 'W_Call incomplete files|suspend')), ('exit', ('W_Call incomplete files|suspend', 'W_Call incomplete files|resume')), ('enter', ('W_Call incomplete files|resume', 'W_Call incomplete files|suspend')))",1167,180,4131,1055,5.557732052352549e-09
6,13,"(('exit', ('W_Call incomplete files|start', 'A_Incomplete')), ('enter', ('A_Incomplete', 'W_Call incomplete files|suspend')), ('exit', ('W_Call incomplete files|suspend', 'W_Call incomplete files|resume')), ('enter', ('W_Call incomplete files|resume', 'W_Call incomplete files|suspend')), ('enter', ('W_Call incomplete files|suspend', 'W_Call incomplete files|resume')), ('exit', ('W_Call incomplete files|resume', 'W_Call incomplete files|suspend')))",1167,180,4131,1055,5.557732052352549e-09
6,13,"(('exit', ('W_Call incomplete files|start', 'A_Incomplete')), ('enter', ('A_Incomplete', 'W_Call incomplete files|suspend')), ('exit', ('W_Call incomplete files|suspend', 'W_Call incomplete files|resume')), ('exit', ('W_Call incomplete files|resume', 'W_Call incomplete files|suspend')), ('enter', ('W_Call incomplete files|suspend', 'W_Call incomplete files|resume')), ('enter', ('W_Call incomplete files|resume', 'W_Call incomplete files|suspend')))",1167,180,4131,1055,5.557732052352549e-09
6,13,"(('exit', ('W_Call incomplete files|start', 'A_Incomplete')), ('exit', ('A_Incomplete', 'W_Call incomplete files|suspend')), ('enter', ('W_Call incomplete files|suspend', 'W_Call incomplete files|resume')), ('enter', ('W_Call incomplete files|resume', 'W_Call incomplete files|suspend')), ('exit', ('W_Call incomplete files|suspend', 'W_Call incomplete files|resume')), ('exit', ('W_Call incomplete files|resume', 'W_Call incomplete files|suspend')))",1167,180,4131,1055,5.557732052352549e-09
6,13,"(('exit', ('W_Call incomplete files|start', 'A_Incomplete')), ('exit', ('A_Incomplete', 'W_Call incomplete files|suspend')), ('enter', ('W_Call incomplete files|suspend', 'W_Call incomplete files|resume')), ('exit', ('W_Call incomplete files|resume', 'W_Call incomplete files|suspend')), ('exit', ('W_Call incomplete files|suspend', 'W_Call incomplete files|resume')), ('enter', ('W_Call incomplete files|resume', 'W_Call incomplete files|suspend')))",1167,180,4131,1055,5.557732052352549e-09
6,13,"(('exit', ('W_Call incomplete files|start', 'A_Incomplete')), ('exit', ('A_Incomplete', 'W_Call incomplete files|suspend')), ('exit', ('W_Call incomplete files|suspend', 'W_Call incomplete files|resume')), ('enter', ('W_Call incomplete files|resume', 'W_Call incomplete files|suspend')), ('enter', ('W_Call incomplete files|suspend', 'W_Call incomplete files|resume')), ('exit', ('W_Call incomplete files|resume', 'W_Call incomplete files|suspend')))",1167,180,4131,1055,5.557732052352549e-09
6,13,"(('exit', ('W_Call incomplete files|start', 'A_Incomplete')), ('exit', ('A_Incomplete', 'W_Call incomplete files|suspend')), ('exit', ('W_Call incomplete files|suspend', 'W_Call incomplete files|resume')), ('exit', ('W_Call incomplete files|resume', 'W_Call incomplete files|suspend')), ('enter', ('W_Call incomplete files|suspend', 'W_Call incomplete files|resume')), ('enter', ('W_Call incomplete files|resume', 'W_Call incomplete files|suspend')))",1167,180,4131,1055,5.557732052352549e-09
5,15,"(('exit', ('A_Incomplete', 'W_Call incomplete files|suspend')), ('enter', ('W_Call incomplete files|suspend', 'W_Call incomplete files|resume')), ('enter', ('W_Call incomplete files|resume', 'W_Call incomplete files|suspend')), ('exit', ('W_Call incomplete files|suspend', 'W_Call incomplete files|resume')), ('exit', ('W_Call incomplete files|resume', 'W_Call incomplete files|suspend')))",1320,200,4055,1042,1.720853459730165e-10
5,15,"(('exit', ('A_Incomplete', 'W_Call incomplete files|suspend')), ('enter', ('W_Call incomplete files|suspend', 'W_Call incomplete files|resume')), ('exit', ('W_Call incomplete files|resume', 'W_Call incomplete files|suspend')), ('exit', ('W_Call incomplete files|suspend', 'W_Call incomplete files|resume')), ('enter', ('W_Call incomplete files|resume', 'W_Call incomplete files|suspend')))",1320,200,4055,1042,1.720853459730165e-10
5,15,"(('exit', ('A_Incomplete', 'W_Call incomplete files|suspend')), ('exit', ('W_Call incomplete files|suspend', 'W_Call incomplete files|resume')), ('enter', ('W_Call incomplete files|resume', 'W_Call incomplete files|suspend')), ('enter', ('W_Call incomplete files|suspend', 'W_Call incomplete files|resume')), ('exit', ('W_Call incomplete files|resume', 'W_Call incomplete files|suspend')))",1320,200,4055,1042,1.720853459730165e-10
5,15,"(('exit', ('A_Incomplete', 'W_Call incomplete files|suspend')), ('exit', ('W_Call incomplete files|suspend', 'W_Call incomplete files|resume')), ('exit', ('W_Call incomplete files|resume', 'W_Call incomplete files|suspend')), ('enter', ('W_Call incomplete files|suspend', 'W_Call incomplete files|resume')), ('enter', ('W_Call incomplete files|resume', 'W_Call incomplete files|suspend')))",1320,200,4055,1042,1.720853459730165e-10
1,30,"(('enter', ('W_Validate application|suspend', 'W_Validate application|ate_abort')),)",2169,237,6360,812,0.045510681544433385
1,290,"(('batch', ('W_Call after offers|suspend', 'W_Call after offers|ate_abort')),)",6980,2791,8778,2484,0.0
1,191,"(('batch', ('W_Call incomplete files|suspend', 'W_Call incomplete files|resume')),)",2349,666,9887,1598,0.0
1,66,"(('delay', ('W_Validate application|suspend', 'W_Validate application|resume')),)",928,357,7822,2380,0.00041342644272301943
2,10,"(('batch', ('W_Validate application|suspend', 'W_Validate application|resume')), ('workload', ('W_Validate application|resume', 'W_Validate application|suspend')))",368,138,7160,2040,0.007436476651666801
1,73,"(('batch', ('W_Validate application|suspend', 'W_Validate application|ate_abort')),)",1856,169,6673,880,2.342373260399988e-05
1,34,"(('delay', ('W_Validate application|suspend', 'W_Validate application|ate_abort')),)",445,71,8084,978,0.03577567109782964
4,14,"(('exit', ('W_Call after offers|schedule', 'W_Call after offers|start')), ('enter', ('W_Call after offers|start', 'A_Complete')), ('enter', ('A_Complete', 'W_Call after offers|suspend')), ('enter', ('W_Call after offers|suspend', 'W_Call after offers|resume')))",1087,1043,11106,9666,0.03206689762488546
4,14,"(('exit', ('W_Call after offers|schedule', 'W_Call after offers|start')), ('enter', ('W_Call after offers|start', 'A_Complete')), ('exit', ('A_Complete', 'W_Call after offers|suspend')), ('enter', ('W_Call after offers|suspend', 'W_Call after offers|resume')))",1087,1043,11106,9666,0.03206689762488546
4,14,"(('exit', ('W_Call after offers|schedule', 'W_Call after offers|start')), ('exit', ('W_Call after offers|start', 'A_Complete')), ('enter', ('A_Complete', 'W_Call after offers|suspend')), ('enter', ('W_Call after offers|suspend', 'W_Call after offers|resume')))",1087,1043,11106,9666,0.03206689762488546
4,14,"(('exit', ('W_Call after offers|schedule', 'W_Call after offers|start')), ('exit', ('W_Call after offers|start', 'A_Complete')), ('exit', ('A_Complete', 'W_Call after offers|suspend')), ('enter', ('W_Call after offers|suspend', 'W_Call after offers|resume')))",1087,1043,11106,9666,0.03206689762488546
3,14,"(('exit', ('W_Call after offers|start', 'A_Complete')), ('enter', ('A_Complete', 'W_Call after offers|suspend')), ('enter', ('W_Call after offers|suspend', 'W_Call after offers|resume')))",1087,1043,11106,9666,0.03206689762488546
3,14,"(('exit', ('W_Call after offers|start', 'A_Complete')), ('exit', ('A_Complete', 'W_Call after offers|suspend')), ('enter', ('W_Call after offers|suspend', 'W_Call after offers|resume')))",1087,1043,11106,9666,0.03206689762488546
2,14,"(('exit', ('A_Complete', 'W_Call after offers|suspend')), ('enter', ('W_Call after offers|suspend', 'W_Call after offers|resume')))",1087,1043,11106,9666,0.03206689762488546
1,12,"(('workload', ('W_Call incomplete files|resume', 'W_Call incomplete files|suspend')),)",831,199,10706,1948,0.0008639780317907242
4,24,"(('enter', ('W_Call incomplete files|resume', 'W_Call incomplete files|suspend')), ('enter', ('W_Call incomplete files|suspend', 'W_Call incomplete files|resume')), ('exit', ('W_Call incomplete files|resume', 'W_Call incomplete files|suspend')), ('exit', ('W_Call incomplete files|suspend', 'W_Call incomplete files|resume')))",2247,504,1672,613,4.695133171139787e-13
4,24,"(('enter', ('W_Call incomplete files|resume', 'W_Call incomplete files|suspend')), ('exit', ('W_Call incomplete files|suspend', 'W_Call incomplete files|resume')), ('exit', ('W_Call incomplete files|resume', 'W_Call incomplete files|suspend')), ('enter', ('W_Call incomplete files|suspend', 'W_Call incomplete files|resume')))",2247,504,1672,613,4.695133171139787e-13
4,24,"(('exit', ('W_Call incomplete files|resume', 'W_Call incomplete files|suspend')), ('enter', ('W_Call incomplete files|suspend', 'W_Call incomplete files|resume')), ('enter', ('W_Call incomplete files|resume', 'W_Call incomplete files|suspend')), ('exit', ('W_Call incomplete files|suspend', 'W_Call incomplete files|resume')))",2247,504,1672,613,4.695133171139787e-13
4,24,"(('exit', ('W_Call incomplete files|resume', 'W_Call incomplete files|suspend')), ('exit', ('W_Call incomplete files|suspend', 'W_Call incomplete files|resume')), ('enter', ('W_Call incomplete files|resume', 'W_Call incomplete files|suspend')), ('enter', ('W_Call incomplete files|suspend', 'W_Call incomplete files|resume')))",2247,504,1672,613,4.695133171139787e-13
3,18,"(('workload', ('W_Call incomplete files|schedule', 'W_Call incomplete files|start')), ('workload', ('W_Call incomplete files|start', 'A_Incomplete')), ('workload', ('A_Incomplete', 'W_Call incomplete files|suspend')))",1299,183,11162,2029,0.0019709757270574
2,18,"(('workload', ('W_Call incomplete files|start', 'A_Incomplete')), ('workload', ('A_Incomplete', 'W_Call incomplete files|suspend')))",1299,183,11162,2029,0.0019709757270574
1,22,"(('workload', ('A_Incomplete', 'W_Call incomplete files|suspend')),)",1580,216,10881,1996,0.0001160292298660881
1,15,"(('handover', ('W_Call incomplete files|suspend', 'W_Call incomplete files|resume')),)",439,164,11797,2100,1.2212453270876722e-15
4,10,"(('workload', ('W_Validate application|complete', 'W_Call incomplete files|schedule')), ('workload', ('W_Call incomplete files|schedule', 'W_Call incomplete files|start')), ('workload', ('W_Call incomplete files|start', 'A_Incomplete')), ('workload', ('A_Incomplete', 'W_Call incomplete files|suspend')))",431,84,5500,1407,0.026531812757460638
1,26,"(('handover', ('W_Validate application|suspend', 'W_Validate application|resume')),)",826,203,7924,2534,0.001217693060497127
1,36,"(('enter', ('A_Concept', 'W_Complete application|start')),)",1122,1196,6562,6185,0.006446025319310267
2,16,"(('handover', ('W_Call incomplete files|suspend', 'W_Call incomplete files|resume')), ('workload', ('W_Call incomplete files|resume', 'W_Call incomplete files|suspend')))",852,231,10668,1914,1.0941489403393234e-07
2,10,"(('workload', ('W_Validate application|schedule', 'W_Validate application|start')), ('workload', ('W_Validate application|start', 'A_Validating')))",1321,283,15907,4359,0.00026780048325136807
1,12,"(('workload', ('W_Validate application|start', 'A_Validating')),)",1609,339,15619,4303,1.5360539660114192e-05
1,25,"(('enter', ('W_Validate application|complete', 'W_Call incomplete files|schedule')),)",1151,267,5209,1399,0.04848988323586101
1,25,"(('exit', ('W_Validate application|complete', 'W_Call incomplete files|schedule')),)",1151,267,5209,1399,0.04848988323586101
1,22,"(('workload', ('W_Validate application|complete', 'W_Call incomplete files|schedule')),)",789,149,5571,1517,9.020827620953575e-05
1,23,"(('handover', ('W_Complete application|suspend', 'W_Complete application|resume')),)",400,466,5455,5439,0.027790376301568886
2,30,"(('exit', ('O_Sent (mail and online)', 'W_Complete application|ate_abort')), ('enter', ('W_Complete application|ate_abort', 'W_Call after offers|schedule')))",991,760,4652,3970,0.043061466641042045
2,30,"(('exit', ('O_Sent (mail and online)', 'W_Complete application|ate_abort')), ('exit', ('W_Complete application|ate_abort', 'W_Call after offers|schedule')))",991,760,4652,3970,0.043061466641042045
1,32,"(('exit', ('W_Complete application|ate_abort', 'W_Call after offers|schedule')),)",1062,809,4637,3969,0.023394618174539028
2,14,"(('enter', ('O_Create Offer', 'O_Created')), ('enter', ('O_Created', 'O_Sent (mail and online)')))",1527,1406,15173,12280,0.0009087543382821917
2,14,"(('enter', ('O_Create Offer', 'O_Created')), ('exit', ('O_Created', 'O_Sent (mail and online)')))",1525,1405,15175,12281,0.0008604265748387574
1,15,"(('enter', ('O_Created', 'O_Sent (mail and online)')),)",1609,1481,15091,12205,0.0006621680940441799
2,14,"(('exit', ('O_Create Offer', 'O_Created')), ('enter', ('O_Created', 'O_Sent (mail and online)')))",1527,1406,15173,12280,0.0009087543382821917
2,14,"(('exit', ('O_Create Offer', 'O_Created')), ('exit', ('O_Created', 'O_Sent (mail and online)')))",1525,1405,15175,12281,0.0008604265748387574
1,15,"(('exit', ('O_Created', 'O_Sent (mail and online)')),)",1609,1480,15091,12206,0.0007135961583595307
1,21,"(('handover', ('W_Call after offers|suspend', 'W_Call after offers|ate_abort')),)",854,224,14904,5051,0.0008253902796949708
6,19,"(('enter', ('A_Create Application', 'A_Submitted')), ('enter', ('A_Submitted', 'W_Handle leads|schedule')), ('enter', ('W_Handle leads|schedule', 'W_Handle leads|withdraw')), ('enter', ('W_Handle leads|withdraw', 'W_Complete application|schedule')), ('enter', ('W_Complete application|schedule', 'A_Concept')), ('enter', ('A_Concept', 'W_Complete application|start')))",596,663,6953,6589,0.006548112792894134
6,19,"(('enter', ('A_Create Application', 'A_Submitted')), ('enter', ('A_Submitted', 'W_Handle leads|schedule')), ('enter', ('W_Handle leads|schedule', 'W_Handle leads|withdraw')), ('enter', ('W_Handle leads|withdraw', 'W_Complete application|schedule')), ('exit', ('W_Complete application|schedule', 'A_Concept')), ('enter', ('A_Concept', 'W_Complete application|start')))",596,663,6953,6589,0.006548112792894134
6,19,"(('enter', ('A_Create Application', 'A_Submitted')), ('enter', ('A_Submitted', 'W_Handle leads|schedule')), ('enter', ('W_Handle leads|schedule', 'W_Handle leads|withdraw')), ('exit', ('W_Handle leads|withdraw', 'W_Complete application|schedule')), ('enter', ('W_Complete application|schedule', 'A_Concept')), ('enter', ('A_Concept', 'W_Complete application|start')))",596,663,6953,6589,0.006548112792894134
6,19,"(('enter', ('A_Create Application', 'A_Submitted')), ('enter', ('A_Submitted', 'W_Handle leads|schedule')), ('enter', ('W_Handle leads|schedule', 'W_Handle leads|withdraw')), ('exit', ('W_Handle leads|withdraw', 'W_Complete application|schedule')), ('exit', ('W_Complete application|schedule', 'A_Concept')), ('enter', ('A_Concept', 'W_Complete application|start')))",596,663,6953,6589,0.006548112792894134
6,19,"(('enter', ('A_Create Application', 'A_Submitted')), ('enter', ('A_Submitted', 'W_Handle leads|schedule')), ('exit', ('W_Handle leads|schedule', 'W_Handle leads|withdraw')), ('enter', ('W_Handle leads|withdraw', 'W_Complete application|schedule')), ('enter', ('W_Complete application|schedule', 'A_Concept')), ('enter', ('A_Concept', 'W_Complete application|start')))",596,663,6953,6589,0.006548112792894134
6,19,"(('enter', ('A_Create Application', 'A_Submitted')), ('enter', ('A_Submitted', 'W_Handle leads|schedule')), ('exit', ('W_Handle leads|schedule', 'W_Handle leads|withdraw')), ('enter', ('W_Handle leads|withdraw', 'W_Complete application|schedule')), ('exit', ('W_Complete application|schedule', 'A_Concept')), ('enter', ('A_Concept', 'W_Complete application|start')))",596,663,6953,6589,0.006548112792894134
6,19,"(('enter', ('A_Create Application', 'A_Submitted')), ('enter', ('A_Submitted', 'W_Handle leads|schedule')), ('exit', ('W_Handle leads|schedule', 'W_Handle leads|withdraw')), ('exit', ('W_Handle leads|withdraw', 'W_Complete application|schedule')), ('enter', ('W_Complete application|schedule', 'A_Concept')), ('enter', ('A_Concept', 'W_Complete application|start')))",596,663,6953,6589,0.006548112792894134
6,19,"(('enter', ('A_Create Application', 'A_Submitted')), ('enter', ('A_Submitted', 'W_Handle leads|schedule')), ('exit', ('W_Handle leads|schedule', 'W_Handle leads|withdraw')), ('exit', ('W_Handle leads|withdraw', 'W_Complete application|schedule')), ('exit', ('W_Complete application|schedule', 'A_Concept')), ('enter', ('A_Concept', 'W_Complete application|start')))",596,663,6953,6589,0.006548112792894134
6,19,"(('enter', ('A_Create Application', 'A_Submitted')), ('exit', ('A_Submitted', 'W_Handle leads|schedule')), ('enter', ('W_Handle leads|schedule', 'W_Handle leads|withdraw')), ('enter', ('W_Handle leads|withdraw', 'W_Complete application|schedule')), ('enter', ('W_Complete application|schedule', 'A_Concept')), ('enter', ('A_Concept', 'W_Complete application|start')))",596,663,6953,6589,0.006548112792894134
6,19,"(('enter', ('A_Create Application', 'A_Submitted')), ('exit', ('A_Submitted', 'W_Handle leads|schedule')), ('enter', ('W_Handle leads|schedule', 'W_Handle leads|withdraw')), ('enter', ('W_Handle leads|withdraw', 'W_Complete application|schedule')), ('exit', ('W_Complete application|schedule', 'A_Concept')), ('enter', ('A_Concept', 'W_Complete application|start')))",596,663,6953,6589,0.006548112792894134
6,19,"(('enter', ('A_Create Application', 'A_Submitted')), ('exit', ('A_Submitted', 'W_Handle leads|schedule')), ('enter', ('W_Handle leads|schedule', 'W_Handle leads|withdraw')), ('exit', ('W_Handle leads|withdraw', 'W_Complete application|schedule')), ('enter', ('W_Complete application|schedule', 'A_Concept')), ('enter', ('A_Concept', 'W_Complete application|start')))",596,663,6953,6589,0.006548112792894134
6,19,"(('enter', ('A_Create Application', 'A_Submitted')), ('exit', ('A_Submitted', 'W_Handle leads|schedule')), ('enter', ('W_Handle leads|schedule', 'W_Handle leads|withdraw')), ('exit', ('W_Handle leads|withdraw', 'W_Complete application|schedule')), ('exit', ('W_Complete application|schedule', 'A_Concept')), ('enter', ('A_Concept', 'W_Complete application|start')))",596,663,6953,6589,0.006548112792894134
6,19,"(('enter', ('A_Create Application', 'A_Submitted')), ('exit', ('A_Submitted', 'W_Handle leads|schedule')), ('exit', ('W_Handle leads|schedule', 'W_Handle leads|withdraw')), ('enter', ('W_Handle leads|withdraw', 'W_Complete application|schedule')), ('enter', ('W_Complete application|schedule', 'A_Concept')), ('enter', ('A_Concept', 'W_Complete application|start')))",596,663,6953,6589,0.006548112792894134
6,19,"(('enter', ('A_Create Application', 'A_Submitted')), ('exit', ('A_Submitted', 'W_Handle leads|schedule')), ('exit', ('W_Handle leads|schedule', 'W_Handle leads|withdraw')), ('enter', ('W_Handle leads|withdraw', 'W_Complete application|schedule')), ('exit', ('W_Complete application|schedule', 'A_Concept')), ('enter', ('A_Concept', 'W_Complete application|start')))",596,663,6953,6589,0.006548112792894134
6,19,"(('enter', ('A_Create Application', 'A_Submitted')), ('exit', ('A_Submitted', 'W_Handle leads|schedule')), ('exit', ('W_Handle leads|schedule', 'W_Handle leads|withdraw')), ('exit', ('W_Handle leads|withdraw', 'W_Complete application|schedule')), ('enter', ('W_Complete application|schedule', 'A_Concept')), ('enter', ('A_Concept', 'W_Complete application|start')))",596,663,6953,6589,0.006548112792894134
6,19,"(('enter', ('A_Create Application', 'A_Submitted')), ('exit', ('A_Submitted', 'W_Handle leads|schedule')), ('exit', ('W_Handle leads|schedule', 'W_Handle leads|withdraw')), ('exit', ('W_Handle leads|withdraw', 'W_Complete application|schedule')), ('exit', ('W_Complete application|schedule', 'A_Concept')), ('enter', ('A_Concept', 'W_Complete application|start')))",596,663,6953,6589,0.006548112792894134
5,19,"(('enter', ('A_Submitted', 'W_Handle leads|schedule')), ('enter', ('W_Handle leads|schedule', 'W_Handle leads|withdraw')), ('enter', ('W_Handle leads|withdraw', 'W_Complete application|schedule')), ('enter', ('W_Complete application|schedule', 'A_Concept')), ('enter', ('A_Concept', 'W_Complete application|start')))",596,663,6953,6589,0.006548112792894134
5,19,"(('enter', ('A_Submitted', 'W_Handle leads|schedule')), ('enter', ('W_Handle leads|schedule', 'W_Handle leads|withdraw')), ('enter', ('W_Handle leads|withdraw', 'W_Complete application|schedule')), ('exit', ('W_Complete application|schedule', 'A_Concept')), ('enter', ('A_Concept', 'W_Complete application|start')))",596,663,6953,6589,0.006548112792894134
5,19,"(('enter', ('A_Submitted', 'W_Handle leads|schedule')), ('enter', ('W_Handle leads|schedule', 'W_Handle leads|withdraw')), ('exit', ('W_Handle leads|withdraw', 'W_Complete application|schedule')), ('enter', ('W_Complete application|schedule', 'A_Concept')), ('enter', ('A_Concept', 'W_Complete application|start')))",596,663,6953,6589,0.006548112792894134
5,19,"(('enter', ('A_Submitted', 'W_Handle leads|schedule')), ('enter', ('W_Handle leads|schedule', 'W_Handle leads|withdraw')), ('exit', ('W_Handle leads|withdraw', 'W_Complete application|schedule')), ('exit', ('W_Complete application|schedule', 'A_Concept')), ('enter', ('A_Concept', 'W_Complete application|start')))",596,663,6953,6589,0.006548112792894134
5,19,"(('enter', ('A_Submitted', 'W_Handle leads|schedule')), ('exit', ('W_Handle leads|schedule', 'W_Handle leads|withdraw')), ('enter', ('W_Handle leads|withdraw', 'W_Complete application|schedule')), ('enter', ('W_Complete application|schedule', 'A_Concept')), ('enter', ('A_Concept', 'W_Complete application|start')))",596,663,6953,6589,0.006548112792894134
4,14,"(('enter', ('W_Call after offers|schedule', 'W_Call after offers|start')), ('enter', ('W_Call after offers|start', 'A_Complete')), ('enter', ('A_Complete', 'W_Call after offers|suspend')), ('enter', ('W_Call after offers|suspend', 'W_Call after offers|resume')))",1087,1043,11106,9666,0.03206689762488546
4,14,"(('enter', ('W_Call after offers|schedule', 'W_Call after offers|start')), ('enter', ('W_Call after offers|start', 'A_Complete')), ('exit', ('A_Complete', 'W_Call after offers|suspend')), ('enter', ('W_Call after offers|suspend', 'W_Call after offers|resume')))",1087,1043,11106,9666,0.03206689762488546
4,14,"(('enter', ('W_Call after offers|schedule', 'W_Call after offers|start')), ('exit', ('W_Call after offers|start', 'A_Complete')), ('enter', ('A_Complete', 'W_Call after offers|suspend')), ('enter', ('W_Call after offers|suspend', 'W_Call after offers|resume')))",1087,1043,11106,9666,0.03206689762488546
4,14,"(('enter', ('W_Call after offers|schedule', 'W_Call after offers|start')), ('exit', ('W_Call after offers|start', 'A_Complete')), ('exit', ('A_Complete', 'W_Call after offers|suspend')), ('enter', ('W_Call after offers|suspend', 'W_Call after offers|resume')))",1087,1043,11106,9666,0.03206689762488546
3,14,"(('enter', ('W_Call after offers|start', 'A_Complete')), ('enter', ('A_Complete', 'W_Call after offers|suspend')), ('enter', ('W_Call after offers|suspend', 'W_Call after offers|resume')))",1087,1043,11106,9666,0.03206689762488546
3,14,"(('enter', ('W_Call after offers|start', 'A_Complete')), ('exit', ('A_Complete', 'W_Call after offers|suspend')), ('enter', ('W_Call after offers|suspend', 'W_Call after offers|resume')))",1087,1043,11106,9666,0.03206689762488546
2,14,"(('enter', ('A_Complete', 'W_Call after offers|suspend')), ('enter', ('W_Call after offers|suspend', 'W_Call after offers|resume')))",1087,1043,11106,9666,0.03206689762488546
2,30,"(('enter', ('O_Sent (mail and online)', 'W_Complete application|ate_abort')), ('enter', ('W_Complete application|ate_abort', 'W_Call after offers|schedule')))",991,760,4652,3970,0.043061466641042045
2,30,"(('enter', ('O_Sent (mail and online)', 'W_Complete application|ate_abort')), ('exit', ('W_Complete application|ate_abort', 'W_Call after offers|schedule')))",991,760,4652,3970,0.043061466641042045
1,32,"(('enter', ('W_Complete application|ate_abort', 'W_Call after offers|schedule')),)",1062,809,4637,3969,0.023394618174539028
1,20,"(('enter', ('W_Complete application|suspend', 'W_Complete application|resume')),)",842,766,5013,5139,0.026190864555924898
2,15,"(('workload', ('O_Create Offer', 'O_Created')), ('workload', ('O_Created', 'O_Sent (mail and online)')))",1237,1180,15463,12506,9.877846483552499e-05
1,16,"(('workload', ('O_Created', 'O_Sent (mail and online)')),)",1298,1223,15402,12463,0.0002532846792949739
1,33,"(('workload', ('W_Call incomplete files|suspend', 'W_Call incomplete files|resume')),)",524,123,11712,2141,0.01487467662479447
1,33,"(('enter', ('W_Call after offers|suspend', 'W_Call after offers|ate_abort')),)",4633,1372,11125,3903,2.3521460221775925e-06
5,19,"(('enter', ('A_Submitted', 'W_Handle leads|schedule')), ('exit', ('W_Handle leads|schedule', 'W_Handle leads|withdraw')), ('enter', ('W_Handle leads|withdraw', 'W_Complete application|schedule')), ('exit', ('W_Complete application|schedule', 'A_Concept')), ('enter', ('A_Concept', 'W_Complete application|start')))",596,663,6953,6589,0.006548112792894134
5,19,"(('enter', ('A_Submitted', 'W_Handle leads|schedule')), ('exit', ('W_Handle leads|schedule', 'W_Handle leads|withdraw')), ('exit', ('W_Handle leads|withdraw', 'W_Complete application|schedule')), ('enter', ('W_Complete application|schedule', 'A_Concept')), ('enter', ('A_Concept', 'W_Complete application|start')))",596,663,6953,6589,0.006548112792894134
5,19,"(('enter', ('A_Submitted', 'W_Handle leads|schedule')), ('exit', ('W_Handle leads|schedule', 'W_Handle leads|withdraw')), ('exit', ('W_Handle leads|withdraw', 'W_Complete application|schedule')), ('exit', ('W_Complete application|schedule', 'A_Concept')), ('enter', ('A_Concept', 'W_Complete application|start')))",596,663,6953,6589,0.006548112792894134
6,19,"(('exit', ('A_Create Application', 'A_Submitted')), ('enter', ('A_Submitted', 'W_Handle leads|schedule')), ('enter', ('W_Handle leads|schedule', 'W_Handle leads|withdraw')), ('enter', ('W_Handle leads|withdraw', 'W_Complete application|schedule')), ('enter', ('W_Complete application|schedule', 'A_Concept')), ('enter', ('A_Concept', 'W_Complete application|start')))",596,663,6953,6589,0.006548112792894134
6,19,"(('exit', ('A_Create Application', 'A_Submitted')), ('enter', ('A_Submitted', 'W_Handle leads|schedule')), ('enter', ('W_Handle leads|schedule', 'W_Handle leads|withdraw')), ('enter', ('W_Handle leads|withdraw', 'W_Complete application|schedule')), ('exit', ('W_Complete application|schedule', 'A_Concept')), ('enter', ('A_Concept', 'W_Complete application|start')))",596,663,6953,6589,0.006548112792894134
6,19,"(('exit', ('A_Create Application', 'A_Submitted')), ('enter', ('A_Submitted', 'W_Handle leads|schedule')), ('enter', ('W_Handle leads|schedule', 'W_Handle leads|withdraw')), ('exit', ('W_Handle leads|withdraw', 'W_Complete application|schedule')), ('enter', ('W_Complete application|schedule', 'A_Concept')), ('enter', ('A_Concept', 'W_Complete application|start')))",596,663,6953,6589,0.006548112792894134
6,19,"(('exit', ('A_Create Application', 'A_Submitted')), ('enter', ('A_Submitted', 'W_Handle leads|schedule')), ('enter', ('W_Handle leads|schedule', 'W_Handle leads|withdraw')), ('exit', ('W_Handle leads|withdraw', 'W_Complete application|schedule')), ('exit', ('W_Complete application|schedule', 'A_Concept')), ('enter', ('A_Concept', 'W_Complete application|start')))",596,663,6953,6589,0.006548112792894134
6,19,"(('exit', ('A_Create Application', 'A_Submitted')), ('enter', ('A_Submitted', 'W_Handle leads|schedule')), ('exit', ('W_Handle leads|schedule', 'W_Handle leads|withdraw')), ('enter', ('W_Handle leads|withdraw', 'W_Complete application|schedule')), ('enter', ('W_Complete application|schedule', 'A_Concept')), ('enter', ('A_Concept', 'W_Complete application|start')))",596,663,6953,6589,0.006548112792894134
6,19,"(('exit', ('A_Create Application', 'A_Submitted')), ('enter', ('A_Submitted', 'W_Handle leads|schedule')), ('exit', ('W_Handle leads|schedule', 'W_Handle leads|withdraw')), ('enter', ('W_Handle leads|withdraw', 'W_Complete application|schedule')), ('exit', ('W_Complete application|schedule', 'A_Concept')), ('enter', ('A_Concept', 'W_Complete application|start')))",596,663,6953,6589,0.006548112792894134
6,19,"(('exit', ('A_Create Application', 'A_Submitted')), ('enter', ('A_Submitted', 'W_Handle leads|schedule')), ('exit', ('W_Handle leads|schedule', 'W_Handle leads|withdraw')), ('exit', ('W_Handle leads|withdraw', 'W_Complete application|schedule')), ('enter', ('W_Complete application|schedule', 'A_Concept')), ('enter', ('A_Concept', 'W_Complete application|start')))",596,663,6953,6589,0.006548112792894134
6,19,"(('exit', ('A_Create Application', 'A_Submitted')), ('enter', ('A_Submitted', 'W_Handle leads|schedule')), ('exit', ('W_Handle leads|schedule', 'W_Handle leads|withdraw')), ('exit', ('W_Handle leads|withdraw', 'W_Complete application|schedule')), ('exit', ('W_Complete application|schedule', 'A_Concept')), ('enter', ('A_Concept', 'W_Complete application|start')))",596,663,6953,6589,0.006548112792894134
6,19,"(('exit', ('A_Create Application', 'A_Submitted')), ('exit', ('A_Submitted', 'W_Handle leads|schedule')), ('enter', ('W_Handle leads|schedule', 'W_Handle leads|withdraw')), ('enter', ('W_Handle leads|withdraw', 'W_Complete application|schedule')), ('enter', ('W_Complete application|schedule', 'A_Concept')), ('enter', ('A_Concept', 'W_Complete application|start')))",596,663,6953,6589,0.006548112792894134
6,19,"(('exit', ('A_Create Application', 'A_Submitted')), ('exit', ('A_Submitted', 'W_Handle leads|schedule')), ('enter', ('W_Handle leads|schedule', 'W_Handle leads|withdraw')), ('enter', ('W_Handle leads|withdraw', 'W_Complete application|schedule')), ('exit', ('W_Complete application|schedule', 'A_Concept')), ('enter', ('A_Concept', 'W_Complete application|start')))",596,663,6953,6589,0.006548112792894134
6,19,"(('exit', ('A_Create Application', 'A_Submitted')), ('exit', ('A_Submitted', 'W_Handle leads|schedule')), ('enter', ('W_Handle leads|schedule', 'W_Handle leads|withdraw')), ('exit', ('W_Handle leads|withdraw', 'W_Complete application|schedule')), ('enter', ('W_Complete application|schedule', 'A_Concept')), ('enter', ('A_Concept', 'W_Complete application|start')))",596,663,6953,6589,0.006548112792894134
6,19,"(('exit', ('A_Create Application', 'A_Submitted')), ('exit', ('A_Submitted', 'W_Handle leads|schedule')), ('enter', ('W_Handle leads|schedule', 'W_Handle leads|withdraw')), ('exit', ('W_Handle leads|withdraw', 'W_Complete application|schedule')), ('exit', ('W_Complete application|schedule', 'A_Concept')), ('enter', ('A_Concept', 'W_Complete application|start')))",596,663,6953,6589,0.006548112792894134
6,19,"(('exit', ('A_Create Application', 'A_Submitted')), ('exit', ('A_Submitted', 'W_Handle leads|schedule')), ('exit', ('W_Handle leads|schedule', 'W_Handle leads|withdraw')), ('enter', ('W_Handle leads|withdraw', 'W_Complete application|schedule')), ('enter', ('W_Complete application|schedule', 'A_Concept')), ('enter', ('A_Concept', 'W_Complete application|start')))",596,663,6953,6589,0.006548112792894134
6,19,"(('exit', ('A_Create Application', 'A_Submitted')), ('exit', ('A_Submitted', 'W_Handle leads|schedule')), ('exit', ('W_Handle leads|schedule', 'W_Handle leads|withdraw')), ('enter', ('W_Handle leads|withdraw', 'W_Complete application|schedule')), ('exit', ('W_Complete application|schedule', 'A_Concept')), ('enter', ('A_Concept', 'W_Complete application|start')))",596,663,6953,6589,0.006548112792894134
6,19,"(('exit', ('A_Create Application', 'A_Submitted')), ('exit', ('A_Submitted', 'W_Handle leads|schedule')), ('exit', ('W_Handle leads|schedule', 'W_Handle leads|withdraw')), ('exit', ('W_Handle leads|withdraw', 'W_Complete application|schedule')), ('enter', ('W_Complete application|schedule', 'A_Concept')), ('enter', ('A_Concept', 'W_Complete application|start')))",596,663,6953,6589,0.006548112792894134
6,19,"(('exit', ('A_Create Application', 'A_Submitted')), ('exit', ('A_Submitted', 'W_Handle leads|schedule')), ('exit', ('W_Handle leads|schedule', 'W_Handle leads|withdraw')), ('exit', ('W_Handle leads|withdraw', 'W_Complete application|schedule')), ('exit', ('W_Complete application|schedule', 'A_Concept')), ('enter', ('A_Concept', 'W_Complete application|start')))",596,663,6953,6589,0.006548112792894134
5,19,"(('exit', ('A_Submitted', 'W_Handle leads|schedule')), ('enter', ('W_Handle leads|schedule', 'W_Handle leads|withdraw')), ('enter', ('W_Handle leads|withdraw', 'W_Complete application|schedule')), ('enter', ('W_Complete application|schedule', 'A_Concept')), ('enter', ('A_Concept', 'W_Complete application|start')))",596,663,6953,6589,0.006548112792894134
5,19,"(('exit', ('A_Submitted', 'W_Handle leads|schedule')), ('enter', ('W_Handle leads|schedule', 'W_Handle leads|withdraw')), ('enter', ('W_Handle leads|withdraw', 'W_Complete application|schedule')), ('exit', ('W_Complete application|schedule', 'A_Concept')), ('enter', ('A_Concept', 'W_Complete application|start')))",596,663,6953,6589,0.006548112792894134
5,19,"(('exit', ('A_Submitted', 'W_Handle leads|schedule')), ('enter', ('W_Handle leads|schedule', 'W_Handle leads|withdraw')), ('exit', ('W_Handle leads|withdraw', 'W_Complete application|schedule')), ('enter', ('W_Complete application|schedule', 'A_Concept')), ('enter', ('A_Concept', 'W_Complete application|start')))",596,663,6953,6589,0.006548112792894134
5,19,"(('exit', ('A_Submitted', 'W_Handle leads|schedule')), ('enter', ('W_Handle leads|schedule', 'W_Handle leads|withdraw')), ('exit', ('W_Handle leads|withdraw', 'W_Complete application|schedule')), ('exit', ('W_Complete application|schedule', 'A_Concept')), ('enter', ('A_Concept', 'W_Complete application|start')))",596,663,6953,6589,0.006548112792894134
5,19,"(('exit', ('A_Submitted', 'W_Handle leads|schedule')), ('exit', ('W_Handle leads|schedule', 'W_Handle leads|withdraw')), ('enter', ('W_Handle leads|withdraw', 'W_Complete application|schedule')), ('enter', ('W_Complete application|schedule', 'A_Concept')), ('enter', ('A_Concept', 'W_Complete application|start')))",596,663,6953,6589,0.006548112792894134
5,19,"(('exit', ('A_Submitted', 'W_Handle leads|schedule')), ('exit', ('W_Handle leads|schedule', 'W_Handle leads|withdraw')), ('enter', ('W_Handle leads|withdraw', 'W_Complete application|schedule')), ('exit', ('W_Complete application|schedule', 'A_Concept')), ('enter', ('A_Concept', 'W_Complete application|start')))",596,663,6953,6589,0.006548112792894134
5,19,"(('exit', ('A_Submitted', 'W_Handle leads|schedule')), ('exit', ('W_Handle leads|schedule', 'W_Handle leads|withdraw')), ('exit', ('W_Handle leads|withdraw', 'W_Complete application|schedule')), ('enter', ('W_Complete application|schedule', 'A_Concept')), ('enter', ('A_Concept', 'W_Complete application|start')))",596,663,6953,6589,0.006548112792894134
5,19,"(('exit', ('A_Submitted', 'W_Handle leads|schedule')), ('exit', ('W_Handle leads|schedule', 'W_Handle leads|withdraw')), ('exit', ('W_Handle leads|withdraw', 'W_Complete application|schedule')), ('exit', ('W_Complete application|schedule', 'A_Concept')), ('enter', ('A_Concept', 'W_Complete application|start')))",596,663,6953,6589,0.006548112792894134
7,13,"(('enter', ('W_Call incomplete files|schedule', 'W_Call incomplete files|start')), ('enter', ('W_Call incomplete files|start', 'A_Incomplete')), ('enter', ('A_Incomplete', 'W_Call incomplete files|suspend')), ('enter', ('W_Call incomplete files|suspend', 'W_Call incomplete files|resume')), ('enter', ('W_Call incomplete files|resume', 'W_Call incomplete files|suspend')), ('exit', ('W_Call incomplete files|suspend', 'W_Call incomplete files|resume')), ('exit', ('W_Call incomplete files|resume', 'W_Call incomplete files|suspend')))",1167,180,4131,1055,5.557732052352549e-09
7,13,"(('enter', ('W_Call incomplete files|schedule', 'W_Call incomplete files|start')), ('enter', ('W_Call incomplete files|start', 'A_Incomplete')), ('enter', ('A_Incomplete', 'W_Call incomplete files|suspend')), ('enter', ('W_Call incomplete files|suspend', 'W_Call incomplete files|resume')), ('exit', ('W_Call incomplete files|resume', 'W_Call incomplete files|suspend')), ('exit', ('W_Call incomplete files|suspend', 'W_Call incomplete files|resume')), ('enter', ('W_Call incomplete files|resume', 'W_Call incomplete files|suspend')))",1167,180,4131,1055,5.557732052352549e-09
7,13,"(('enter', ('W_Call incomplete files|schedule', 'W_Call incomplete files|start')), ('enter', ('W_Call incomplete files|start', 'A_Incomplete')), ('enter', ('A_Incomplete', 'W_Call incomplete files|suspend')), ('exit', ('W_Call incomplete files|suspend', 'W_Call incomplete files|resume')), ('enter', ('W_Call incomplete files|resume', 'W_Call incomplete files|suspend')), ('enter', ('W_Call incomplete files|suspend', 'W_Call incomplete files|resume')), ('exit', ('W_Call incomplete files|resume', 'W_Call incomplete files|suspend')))",1167,180,4131,1055,5.557732052352549e-09
7,13,"(('enter', ('W_Call incomplete files|schedule', 'W_Call incomplete files|start')), ('enter', ('W_Call incomplete files|start', 'A_Incomplete')), ('enter', ('A_Incomplete', 'W_Call incomplete files|suspend')), ('exit', ('W_Call incomplete files|suspend', 'W_Call incomplete files|resume')), ('exit', ('W_Call incomplete files|resume', 'W_Call incomplete files|suspend')), ('enter', ('W_Call incomplete files|suspend', 'W_Call incomplete files|resume')), ('enter', ('W_Call incomplete files|resume', 'W_Call incomplete files|suspend')))",1167,180,4131,1055,5.557732052352549e-09
7,13,"(('enter', ('W_Call incomplete files|schedule', 'W_Call incomplete files|start')), ('enter', ('W_Call incomplete files|start', 'A_Incomplete')), ('exit', ('A_Incomplete', 'W_Call incomplete files|suspend')), ('enter', ('W_Call incomplete files|suspend', 'W_Call incomplete files|resume')), ('enter', ('W_Call incomplete files|resume', 'W_Call incomplete files|suspend')), ('exit', ('W_Call incomplete files|suspend', 'W_Call incomplete files|resume')), ('exit', ('W_Call incomplete files|resume', 'W_Call incomplete files|suspend')))",1167,180,4131,1055,5.557732052352549e-09
7,13,"(('enter', ('W_Call incomplete files|schedule', 'W_Call incomplete files|start')), ('enter', ('W_Call incomplete files|start', 'A_Incomplete')), ('exit', ('A_Incomplete', 'W_Call incomplete files|suspend')), ('enter', ('W_Call incomplete files|suspend', 'W_Call incomplete files|resume')), ('exit', ('W_Call incomplete files|resume', 'W_Call incomplete files|suspend')), ('exit', ('W_Call incomplete files|suspend', 'W_Call incomplete files|resume')), ('enter', ('W_Call incomplete files|resume', 'W_Call incomplete files|suspend')))",1167,180,4131,1055,5.557732052352549e-09
7,13,"(('enter', ('W_Call incomplete files|schedule', 'W_Call incomplete files|start')), ('enter', ('W_Call incomplete files|start', 'A_Incomplete')), ('exit', ('A_Incomplete', 'W_Call incomplete files|suspend')), ('exit', ('W_Call incomplete files|suspend', 'W_Call incomplete files|resume')), ('enter', ('W_Call incomplete files|resume', 'W_Call incomplete files|suspend')), ('enter', ('W_Call incomplete files|suspend', 'W_Call incomplete files|resume')), ('exit', ('W_Call incomplete files|resume', 'W_Call incomplete files|suspend')))",1167,180,4131,1055,5.557732052352549e-09
7,13,"(('enter', ('W_Call incomplete files|schedule', 'W_Call incomplete files|start')), ('enter', ('W_Call incomplete files|start', 'A_Incomplete')), ('exit', ('A_Incomplete', 'W_Call incomplete files|suspend')), ('exit', ('W_Call incomplete files|suspend', 'W_Call incomplete files|resume')), ('exit', ('W_Call incomplete files|resume', 'W_Call incomplete files|suspend')), ('enter', ('W_Call incomplete files|suspend', 'W_Call incomplete files|resume')), ('enter', ('W_Call incomplete files|resume', 'W_Call incomplete files|suspend')))",1167,180,4131,1055,5.557732052352549e-09
7,13,"(('enter', ('W_Call incomplete files|schedule', 'W_Call incomplete files|start')), ('exit', ('W_Call incomplete files|start', 'A_Incomplete')), ('enter', ('A_Incomplete', 'W_Call incomplete files|suspend')), ('enter', ('W_Call incomplete files|suspend', 'W_Call incomplete files|resume')), ('enter', ('W_Call incomplete files|resume', 'W_Call incomplete files|suspend')), ('exit', ('W_Call incomplete files|suspend', 'W_Call incomplete files|resume')), ('exit', ('W_Call incomplete files|resume', 'W_Call incomplete files|suspend')))",1167,180,4131,1055,5.557732052352549e-09
7,13,"(('enter', ('W_Call incomplete files|schedule', 'W_Call incomplete files|start')), ('exit', ('W_Call incomplete files|start', 'A_Incomplete')), ('enter', ('A_Incomplete', 'W_Call incomplete files|suspend')), ('enter', ('W_Call incomplete files|suspend', 'W_Call incomplete files|resume')), ('exit', ('W_Call incomplete files|resume', 'W_Call incomplete files|suspend')), ('exit', ('W_Call incomplete files|suspend', 'W_Call incomplete files|resume')), ('enter', ('W_Call incomplete files|resume', 'W_Call incomplete files|suspend')))",1167,180,4131,1055,5.557732052352549e-09
7,13,"(('enter', ('W_Call incomplete files|schedule', 'W_Call incomplete files|start')), ('exit', ('W_Call incomplete files|start', 'A_Incomplete')), ('enter', ('A_Incomplete', 'W_Call incomplete files|suspend')), ('exit', ('W_Call incomplete files|suspend', 'W_Call incomplete files|resume')), ('enter', ('W_Call incomplete files|resume', 'W_Call incomplete files|suspend')), ('enter', ('W_Call incomplete files|suspend', 'W_Call incomplete files|resume')), ('exit', ('W_Call incomplete files|resume', 'W_Call incomplete files|suspend')))",1167,180,4131,1055,5.557732052352549e-09
7,13,"(('enter', ('W_Call incomplete files|schedule', 'W_Call incomplete files|start')), ('exit', ('W_Call incomplete files|start', 'A_Incomplete')), ('enter', ('A_Incomplete', 'W_Call incomplete files|suspend')), ('exit', ('W_Call incomplete files|suspend', 'W_Call incomplete files|resume')), ('exit', ('W_Call incomplete files|resume', 'W_Call incomplete files|suspend')), ('enter', ('W_Call incomplete files|suspend', 'W_Call incomplete files|resume')), ('enter', ('W_Call incomplete files|resume', 'W_Call incomplete files|suspend')))",1167,180,4131,1055,5.557732052352549e-09
7,13,"(('enter', ('W_Call incomplete files|schedule', 'W_Call incomplete files|start')), ('exit', ('W_Call incomplete files|start', 'A_Incomplete')), ('exit', ('A_Incomplete', 'W_Call incomplete files|suspend')), ('enter', ('W_Call incomplete files|suspend', 'W_Call incomplete files|resume')), ('enter', ('W_Call incomplete files|resume', 'W_Call incomplete files|suspend')), ('exit', ('W_Call incomplete files|suspend', 'W_Call incomplete files|resume')), ('exit', ('W_Call incomplete files|resume', 'W_Call incomplete files|suspend')))",1167,180,4131,1055,5.557732052352549e-09
7,13,"(('enter', ('W_Call incomplete files|schedule', 'W_Call incomplete files|start')), ('exit', ('W_Call incomplete files|start', 'A_Incomplete')), ('exit', ('A_Incomplete', 'W_Call incomplete files|suspend')), ('enter', ('W_Call incomplete files|suspend', 'W_Call incomplete files|resume')), ('exit', ('W_Call incomplete files|resume', 'W_Call incomplete files|suspend')), ('exit', ('W_Call incomplete files|suspend', 'W_Call incomplete files|resume')), ('enter', ('W_Call incomplete files|resume', 'W_Call incomplete files|suspend')))",1167,180,4131,1055,5.557732052352549e-09
7,13,"(('enter', ('W_Call incomplete files|schedule', 'W_Call incomplete files|start')), ('exit', ('W_Call incomplete files|start', 'A_Incomplete')), ('exit', ('A_Incomplete', 'W_Call incomplete files|suspend')), ('exit', ('W_Call incomplete files|suspend', 'W_Call incomplete files|resume')), ('enter', ('W_Call incomplete files|resume', 'W_Call incomplete files|suspend')), ('enter', ('W_Call incomplete files|suspend', 'W_Call incomplete files|resume')), ('exit', ('W_Call incomplete files|resume', 'W_Call incomplete files|suspend')))",1167,180,4131,1055,5.557732052352549e-09
7,13,"(('enter', ('W_Call incomplete files|schedule', 'W_Call incomplete files|start')), ('exit', ('W_Call incomplete files|start', 'A_Incomplete')), ('exit', ('A_Incomplete', 'W_Call incomplete files|suspend')), ('exit', ('W_Call incomplete files|suspend', 'W_Call incomplete files|resume')), ('exit', ('W_Call incomplete files|resume', 'W_Call incomplete files|suspend')), ('enter', ('W_Call incomplete files|suspend', 'W_Call incomplete files|resume')), ('enter', ('W_Call incomplete files|resume', 'W_Call incomplete files|suspend')))",1167,180,4131,1055,5.557732052352549e-09
6,13,"(('enter', ('W_Call incomplete files|start', 'A_Incomplete')), ('enter', ('A_Incomplete', 'W_Call incomplete files|suspend')), ('enter', ('W_Call incomplete files|suspend', 'W_Call incomplete files|resume')), ('enter', ('W_Call incomplete files|resume', 'W_Call incomplete files|suspend')), ('exit', ('W_Call incomplete files|suspend', 'W_Call incomplete files|resume')), ('exit', ('W_Call incomplete files|resume', 'W_Call incomplete files|suspend')))",1167,180,4131,1055,5.557732052352549e-09
6,13,"(('enter', ('W_Call incomplete files|start', 'A_Incomplete')), ('enter', ('A_Incomplete', 'W_Call incomplete files|suspend')), ('enter', ('W_Call incomplete files|suspend', 'W_Call incomplete files|resume')), ('exit', ('W_Call incomplete files|resume', 'W_Call incomplete files|suspend')), ('exit', ('W_Call incomplete files|suspend', 'W_Call incomplete files|resume')), ('enter', ('W_Call incomplete files|resume', 'W_Call incomplete files|suspend')))",1167,180,4131,1055,5.557732052352549e-09
6,13,"(('enter', ('W_Call incomplete files|start', 'A_Incomplete')), ('enter', ('A_Incomplete', 'W_Call incomplete files|suspend')), ('exit', ('W_Call incomplete files|suspend', 'W_Call incomplete files|resume')), ('enter', ('W_Call incomplete files|resume', 'W_Call incomplete files|suspend')), ('enter', ('W_Call incomplete files|suspend', 'W_Call incomplete files|resume')), ('exit', ('W_Call incomplete files|resume', 'W_Call incomplete files|suspend')))",1167,180,4131,1055,5.557732052352549e-09
6,13,"(('enter', ('W_Call incomplete files|start', 'A_Incomplete')), ('enter', ('A_Incomplete', 'W_Call incomplete files|suspend')), ('exit', ('W_Call incomplete files|suspend', 'W_Call incomplete files|resume')), ('exit', ('W_Call incomplete files|resume', 'W_Call incomplete files|suspend')), ('enter', ('W_Call incomplete files|suspend', 'W_Call incomplete files|resume')), ('enter', ('W_Call incomplete files|resume', 'W_Call incomplete files|suspend')))",1167,180,4131,1055,5.557732052352549e-09
6,13,"(('enter', ('W_Call incomplete files|start', 'A_Incomplete')), ('exit', ('A_Incomplete', 'W_Call incomplete files|suspend')), ('enter', ('W_Call incomplete files|suspend', 'W_Call incomplete files|resume')), ('enter', ('W_Call incomplete files|resume', 'W_Call incomplete files|suspend')), ('exit', ('W_Call incomplete files|suspend', 'W_Call incomplete files|resume')), ('exit', ('W_Call incomplete files|resume', 'W_Call incomplete files|suspend')))",1167,180,4131,1055,5.557732052352549e-09
6,13,"(('enter', ('W_Call incomplete files|start', 'A_Incomplete')), ('exit', ('A_Incomplete', 'W_Call incomplete files|suspend')), ('enter', ('W_Call incomplete files|suspend', 'W_Call incomplete files|resume')), ('exit', ('W_Call incomplete files|resume', 'W_Call incomplete files|suspend')), ('exit', ('W_Call incomplete files|suspend', 'W_Call incomplete files|resume')), ('enter', ('W_Call incomplete files|resume', 'W_Call incomplete files|suspend')))",1167,180,4131,1055,5.557732052352549e-09
6,13,"(('enter', ('W_Call incomplete files|start', 'A_Incomplete')), ('exit', ('A_Incomplete', 'W_Call incomplete files|suspend')), ('exit', ('W_Call incomplete files|suspend', 'W_Call incomplete files|resume')), ('enter', ('W_Call incomplete files|resume', 'W_Call incomplete files|suspend')), ('enter', ('W_Call incomplete files|suspend', 'W_Call incomplete files|resume')), ('exit', ('W_Call incomplete files|resume', 'W_Call incomplete files|suspend')))",1167,180,4131,1055,5.557732052352549e-09
6,13,"(('enter', ('W_Call incomplete files|start', 'A_Incomplete')), ('exit', ('A_Incomplete', 'W_Call incomplete files|suspend')), ('exit', ('W_Call incomplete files|suspend', 'W_Call incomplete files|resume')), ('exit', ('W_Call incomplete files|resume', 'W_Call incomplete files|suspend')), ('enter', ('W_Call incomplete files|suspend', 'W_Call incomplete files|resume')), ('enter', ('W_Call incomplete files|resume', 'W_Call incomplete files|suspend')))",1167,180,4131,1055,5.557732052352549e-09
5,15,"(('enter', ('A_Incomplete', 'W_Call incomplete files|suspend')), ('enter', ('W_Call incomplete files|suspend', 'W_Call incomplete files|resume')), ('enter', ('W_Call incomplete files|resume', 'W_Call incomplete files|suspend')), ('exit', ('W_Call incomplete files|suspend', 'W_Call incomplete files|resume')), ('exit', ('W_Call incomplete files|resume', 'W_Call incomplete files|suspend')))",1320,200,4055,1042,1.720853459730165e-10
5,15,"(('enter', ('A_Incomplete', 'W_Call incomplete files|suspend')), ('enter', ('W_Call incomplete files|suspend', 'W_Call incomplete files|resume')), ('exit', ('W_Call incomplete files|resume', 'W_Call incomplete files|suspend')), ('exit', ('W_Call incomplete files|suspend', 'W_Call incomplete files|resume')), ('enter', ('W_Call incomplete files|resume', 'W_Call incomplete files|suspend')))",1320,200,4055,1042,1.720853459730165e-10
5,15,"(('enter', ('A_Incomplete', 'W_Call incomplete files|suspend')), ('exit', ('W_Call incomplete files|suspend', 'W_Call incomplete files|resume')), ('enter', ('W_Call incomplete files|resume', 'W_Call incomplete files|suspend')), ('enter', ('W_Call incomplete files|suspend', 'W_Call incomplete files|resume')), ('exit', ('W_Call incomplete files|resume', 'W_Call incomplete files|suspend')))",1320,200,4055,1042,1.720853459730165e-10
5,15,"(('enter', ('A_Incomplete', 'W_Call incomplete files|suspend')), ('exit', ('W_Call incomplete files|suspend', 'W_Call incomplete files|resume')), ('exit', ('W_Call incomplete files|resume', 'W_Call incomplete files|suspend')), ('enter', ('W_Call incomplete files|suspend', 'W_Call incomplete files|resume')), ('enter', ('W_Call incomplete files|resume', 'W_Call incomplete files|suspend')))",1320,200,4055,1042,1.720853459730165e-10
